T,EMS-obj-nr,DocIn,DocnrIn,Status,InEntrepot,OutEntrepot,InAV,OutAV,Weight,CN-code,CIF-value,SALE-value,ExEMS,PIO,customs,DocOut,DocnrOut,,
S,3040798X48,,,900,,,23/11/15,,26,7226110091C04100000000,1628.5,0,,284622,,,,T1,110
X,3040798X48SCRAP,,,200,23/11/15,,23/11/15,23/11/15,12,7.20429E+21,1628.5,0,,284622,ENTREPOT,,,T3,0
F,3040798X49,,,995,,,23/11/15,,6,8.5049E+21,1628.5,3300,2/12/2015,284622,,,,T2,110
F,3040798X50,,,995,,,23/11/15,,8,8.5049E+21,1628.5,3300,2/12/2015,284622,,,,T2,110
S,3044798X22,,,900,3/11/2015,9/11/2015,9/11/2015,9/11/2015,254,7226110091C04100000000,1375.5,0,,283244,USED,,,T1,160
X,3044798X22SCRAP,,,200,9/11/2015,,9/11/2015,9/11/2015,21,7.20429E+21,1375.5,0,,283244,ENTREPOT,,,T3,0
** No Customs-document record is available. (91),,,,,,,,,,,,,,,,,,,
F,3044798X23,,,800,9/11/2015,,9/11/2015,9/11/2015,233,7226110091C04100000000,1375.5,1950,11/11/2015,283244,EXIT,,,T2,150
S,3061166X03,,,900,5/11/2015,18/11/15,18/11/15,18/11/15,2957,7225110010C04100000000,1628.5,0,,283692,USED,,,T1,940
X,3061166X03SCRAP,,,200,18/11/15,,18/11/15,18/11/15,97,7.20429E+21,1628.5,0,,283692,ENTREPOT,,,T3,0
F,3061166X04,,,800,18/11/15,7/12/2015,18/11/15,18/11/15,281,7226110091C04100000000,1628.5,2790,7/12/2015,283692,EXIT,EUA,15NL1F0EB5207F7C32,T2,90
S,3061166X05,,,200,18/11/15,,18/11/15,18/11/15,485,7226110091C04100000000,1628.5,0,,283692,EU,,,T2,155
S,3061166X06,,,900,18/11/15,,18/11/15,18/11/15,484,7226110091C04100000000,1628.5,0,,283692,USED,,,T2,155
S,3061166X07,,,200,18/11/15,,18/11/15,18/11/15,484,7226110091C04100000000,1628.5,0,,283692,EU,,,T2,155
S,3061166X08,,,200,18/11/15,,18/11/15,18/11/15,547,7226110091C04100000000,1628.5,0,,283692,EU,,,T2,175
S,3061166X09,,,200,18/11/15,,18/11/15,18/11/15,579,7226110091C04100000000,1628.5,0,,283692,EU,,,T2,185
S,3061196X01,,,900,3/11/2015,5/11/2015,5/11/2015,5/11/2015,3350,7225110010C04100000000,1628.5,0,,282827,USED,,,T1,985
X,3061196X01SCRAP,,,200,5/11/2015,,5/11/2015,5/11/2015,130,7.20429E+21,1628.5,0,,282827,ENTREPOT,,,T3,0
F,3061196X03,,,800,5/11/2015,6/11/2015,5/11/2015,5/11/2015,305,7226110091C04100000000,1628.5,2790,6/11/2015,282827,EXIT,EUA,15NL1C3A9025DD9448,T2,90
F,3061196X04,,,800,5/11/2015,6/11/2015,5/11/2015,5/11/2015,406,7226110091C04100000000,1628.5,2790,6/11/2015,282827,EXIT,EUA,15NL1C3A9025DD9448,T2,120
F,3061196X05,,,800,5/11/2015,6/11/2015,5/11/2015,5/11/2015,406,7226110091C04100000000,1628.5,2790,6/11/2015,282827,EXIT,EUA,15NL1C3A9025DD9448,T2,120
F,3061196X06,,,800,5/11/2015,6/11/2015,5/11/2015,5/11/2015,406,7226110091C04100000000,1628.5,2790,6/11/2015,282827,EXIT,EUA,15NL1C3A9025DD9448,T2,120
F,3061196X07,,,800,5/11/2015,6/11/2015,5/11/2015,5/11/2015,475,7226110091C04100000000,1628.5,2790,6/11/2015,282827,EXIT,EUA,15NL1C3A9025DD9448,T2,140
F,3061196X08,,,800,5/11/2015,18/11/15,5/11/2015,5/11/2015,611,7226110091C04100000000,1628.5,2790,18/11/15,282827,EXIT,EUA,15NL1D5243262EFE42,T2,180
F,3061196X09,,,800,5/11/2015,18/11/15,5/11/2015,5/11/2015,611,7226110091C04100000000,1628.5,2790,18/11/15,282827,EXIT,EUA,15NL1D5243262EFE42,T2,180
S,3061202X01,,,900,5/11/2015,18/11/15,18/11/15,18/11/15,2640,7225110010C04100000000,1628.5,0,,283693,USED,,,T1,985
X,3061202X01SCRAP,,,200,18/11/15,,18/11/15,18/11/15,75,7.20429E+21,1628.5,0,,283693,ENTREPOT,,,T3,0
S,3061202X02,,,900,5/11/2015,5/11/2015,5/11/2015,5/11/2015,5045,7225110010C04100000000,1628.5,0,,283101,USED,,,T1,1000
X,3061202X02SCRAP,,,200,5/11/2015,,5/11/2015,5/11/2015,135,7.20429E+21,1628.5,0,,283101,ENTREPOT,,,T3,0
** No Customs-document record is available. (91),,,,,,,,,,,,,,,,,,,
F,3061202X03,,,800,5/11/2015,,5/11/2015,5/11/2015,4910,7225110010C04100000000,1628.5,2030,25/11/15,283101,EXIT,,,T2,975
S,3061202X04,,,200,18/11/15,,18/11/15,18/11/15,479,7226110091C04100000000,1628.5,0,,283693,EU,,,T2,180
S,3061202X05,,,200,18/11/15,,18/11/15,18/11/15,292,7226110091C04100000000,1628.5,0,,283693,EU,,,T2,110
S,3061202X06,,,200,18/11/15,,18/11/15,18/11/15,358,7226110091C04100000000,1628.5,0,,283693,EU,,,T2,135
S,3061202X07,,,200,18/11/15,,18/11/15,18/11/15,452,7226110091C04100000000,1628.5,0,,283693,EU,,,T2,170
S,3061202X08,,,200,18/11/15,,18/11/15,18/11/15,492,7226110091C04100000000,1628.5,0,,283693,EU,,,T2,185
S,3061202X09,,,900,18/11/15,,18/11/15,18/11/15,492,7226110091C04100000000,1628.5,0,,283693,USED,,,T2,185
S,3061573X28,,,900,5/11/2015,12/11/2015,12/11/2015,12/11/2015,82,7226110091C04100000000,1909.5,0,,283228,USED,,,T1,60
X,3061573X28SCRAP,,,200,12/11/2015,,12/11/2015,12/11/2015,12,7.20429E+21,1909.5,0,,283228,ENTREPOT,,,T3,0
F,3061573X29,,,800,12/11/2015,17/11/15,12/11/2015,12/11/2015,70,7226110091C04100000000,1909.5,2190,17/11/15,283228,EXIT,EUA,15NL1D3A9724AC8123,T2,50
S,3062158X15,,,900,26/08/15,,16/11/15,,798,7226110091C04100000000,1493.5,0,,283805,NEU,,,T1,420
X,3062158X15SCRAP,,,200,16/11/15,,16/11/15,16/11/15,77,7.20429E+21,1493.5,0,,283805,ENTREPOT,,,T3,0
S,3062158X16,,,900,26/08/15,,19/11/15,,721,7226110091C04100000000,1493.5,0,,283805,USED,,,T2,410
X,3062158X16SCRAP,,,200,19/11/15,,19/11/15,19/11/15,55,7.20429E+21,1493.5,0,,284161,ENTREPOT,,,T3,0
S,3062158X17,,,250,26/08/15,,19/11/15,,666,7226110091C04100000000,1493.5,0,,284161,EU,,,T2,390
F,3065151X15,,,800,10/11/2015,10/11/2015,10/11/2015,10/11/2015,692,7226110091C04100000000,1493.5,1805,18/11/15,282183,ENTREPOT,,,F1,410
S,3065164X01,,,900,4/11/2015,17/11/15,17/11/15,17/11/15,552,7226110091C04100000000,1493.5,0,,283057,USED,,,T1,180
X,3065164X01SCRAP,,,200,17/11/15,,17/11/15,17/11/15,68,7.20429E+21,1493.5,0,,283057,ENTREPOT,,,T3,0
** No Customs-document record is available. (91),,,,,,,,,,,,,,,,,,,
F,3065164X10,,,800,17/11/15,,17/11/15,17/11/15,484,7226110091C04100000000,1493.5,1805,23/11/15,283057,EXIT,,,T2,160
S,3066404X11,,,900,19/11/15,23/11/15,23/11/15,23/11/15,1003,7226110091C04100000000,1493.5,0,,284455,USED,,,T1,340
X,3066404X11SCRAP,,,200,23/11/15,,23/11/15,23/11/15,-3,7.20429E+21,1493.5,0,,284455,ENTREPOT,,,T3,0
** No Customs-document record is available. (91),,,,,,,,,,,,,,,,,,,
F,3066404X13,,,800,23/11/15,,23/11/15,23/11/15,409,7226110091C04100000000,1493.5,1805,27/11/15,284455,EXIT,,,T2,340
F,3066404X14,,,500,23/11/15,,23/11/15,23/11/15,597,7226110091C04100000000,1493.5,1805,,284455,EU,,,T2,340
S,3069149X15,,,900,5/11/2015,9/11/2015,9/11/2015,9/11/2015,504,7226110091C04100000000,1685,0,,283246,USED,,,T1,260
X,3069149X15SCRAP,,,200,9/11/2015,,9/11/2015,9/11/2015,23,7.20429E+21,1685,0,,283246,ENTREPOT,,,T3,0
F,3069149X16,,,500,9/11/2015,,9/11/2015,9/11/2015,153,7226110091C04100000000,1685,800,,283246,EU,,,T2,80
** No Customs-document record is available. (91),,,,,,,,,,,,,,,,,,,
F,3069149X17,,,800,9/11/2015,,9/11/2015,9/11/2015,328,7226110091C04100000000,1685,1950,11/11/2015,283246,EXIT,,,T2,170
S,3069549X25,,,900,12/11/2015,18/11/15,18/11/15,18/11/15,188,7226110091C04100000000,1789.5,0,,284240,USED,,,T1,140
X,3069549X25SCRAP,,,200,18/11/15,,18/11/15,18/11/15,30,7.20429E+21,1789.5,0,,284240,ENTREPOT,,,T3,0
** No Customs-document record is available. (91),,,,,,,,,,,,,,,,,,,
F,3069549X27,,,800,18/11/15,,18/11/15,18/11/15,158,7226110091C04100000000,1789.5,2015,20/11/15,284240,EXIT,,,T2,140
S,3070455X02,,,900,5/11/2015,9/11/2015,9/11/2015,9/11/2015,1039,7226110091C04100000000,1685,0,,283182,USED,,,T1,260
X,3070455X02SCRAP,,,200,9/11/2015,,9/11/2015,9/11/2015,56,7.20429E+21,1685,0,,283182,ENTREPOT,,,T3,0
** No Customs-document record is available. (91),,,,,,,,,,,,,,,,,,,
F,3070455X04,,,800,9/11/2015,,9/11/2015,9/11/2015,416,7226110091C04100000000,1685,1895,13/11/15,283182,EXIT,,,T2,260
S,3070455X05,,,900,9/11/2015,,9/11/2015,9/11/2015,567,7226110091C04100000000,1685,0,,283182,USED,,,T2,260
S,3070455X08,,,900,,,19/11/15,,593,7225110010C04100000000,1685,0,,284378,,,,T1,900
X,3070455X08SCRAP,,,200,19/11/15,,19/11/15,19/11/15,119,7.20429E+21,1685,0,,284378,ENTREPOT,,,T3,0
F,3070455X09,,,995,,,19/11/15,,239,8.5049E+21,1685,1895,25/11/15,284378,,,,T2,900
F,3070455X10,,,995,,,19/11/15,,235,8.5049E+21,1685,1895,26/11/15,284378,,,,T2,900
S,3070470X11,,,900,3/11/2015,5/11/2015,5/11/2015,5/11/2015,295,7226110091C04100000000,1685,0,,282869,USED,,,T1,130
X,3070470X11SCRAP,,,200,5/11/2015,,5/11/2015,5/11/2015,2,7.20429E+21,1685,0,,282869,ENTREPOT,,,T3,0
F,3070470X15,,,800,5/11/2015,18/11/15,5/11/2015,5/11/2015,293,7226110091C04100000000,1685,2400,18/11/15,282869,EXIT,EUA,15NL1D504E24553855,T2,130
S,3070470X16,,,900,5/11/2015,17/11/15,17/11/15,17/11/15,187,7226110091C04100000000,1685,0,,283957,USED,,,T1,90
X,3070470X16SCRAP,,,200,17/11/15,,17/11/15,17/11/15,12,7.20429E+21,1685,0,,283957,ENTREPOT,,,T3,0
F,3070470X18,,,400,17/11/15,,17/11/15,17/11/15,18,7226110091C04100000000,1685,800,,283957,EU,,,T2,25.4
F,3070470X19,,,400,17/11/15,,17/11/15,17/11/15,17,7226110091C04100000000,1685,800,,283957,EU,,,T2,25.4
F,3070470X20,,,400,17/11/15,,17/11/15,17/11/15,17,7226110091C04100000000,1685,800,,283957,EU,,,T2,25.4
S,3070470X21,,,200,17/11/15,17/11/15,17/11/15,17/11/15,123,7226110091C04100000000,1685,0,,283957,EU,,,T2,90
S,3070519X02,,,900,10/11/2015,20/11/15,20/11/15,20/11/15,2003,7225110010C04100000000,1685,0,,283597,USED,,,T1,1100
X,3070519X02SCRAP,,,200,20/11/15,,20/11/15,20/11/15,43,7.20429E+21,1685,0,,283597,ENTREPOT,,,T3,0
S,3070519X04,,,900,10/11/2015,20/11/15,20/11/15,20/11/15,1956,7225110010C04100000000,1685,0,,283598,USED,,,T1,1100
X,3070519X04SCRAP,,,200,20/11/15,,20/11/15,20/11/15,41,7.20429E+21,1685,0,,283598,ENTREPOT,,,T3,0
F,3070519X05,,,500,20/11/15,,20/11/15,20/11/15,508,7226110091C04100000000,1685,2020,,283597,EU,,,T2,280
** No Customs-document record is available. (91),,,,,,,,,,,,,,,,,,,
F,3070519X06,,,800,20/11/15,,20/11/15,20/11/15,1452,7225110010C04100000000,1685,1895,2/12/2015,283597,EXIT,,,T2,800
S,3070519X07,,,200,20/11/15,,20/11/15,20/11/15,496,7226110091C04100000000,1685,0,,283598,EU,,,T2,280
** No Customs-document record is available. (91),,,,,,,,,,,,,,,,,,,
F,3070519X08,,,800,20/11/15,,20/11/15,20/11/15,1419,7225110010C04100000000,1685,1895,2/12/2015,283598,EXIT,,,T2,800
S,3071567X11,,,900,13/11/15,18/11/15,18/11/15,18/11/15,254,7226110091C04100000000,1802.5,0,,284160,USED,,,T1,110
X,3071567X11SCRAP,,,200,18/11/15,,18/11/15,18/11/15,25,7.20429E+21,1802.5,0,,284160,ENTREPOT,,,T3,0
** No Customs-document record is available. (91),,,,,,,,,,,,,,,,,,,
F,3071567X13,,,800,18/11/15,,18/11/15,18/11/15,229,7226110091C04100000000,1802.5,2190,24/11/15,284160,EXIT,,,T2,100
S,3071568X22,,,900,5/10/2015,,16/11/15,,443,7226110091C04100000000,1802.5,0,,283905,NEU,,,T1,130
X,3071568X22SCRAP,,,200,16/11/15,,16/11/15,16/11/15,35,7.20429E+21,1802.5,0,,283905,ENTREPOT,,,T3,0
** No Customs-document record is available. (91),,,,,,,,,,,,,,,,,,,
F,3071568X25,,,800,5/10/2015,,16/11/15,,408,7226110091C04100000000,1802.5,2190,24/11/15,283905,EXIT,,,T2,120
F,3071578X29,,,800,12/11/2015,12/11/2015,12/11/2015,12/11/2015,119,7226110091C04100000000,1802.5,2190,17/11/15,283234,EXIT,EUA,15NL1D3A9724AC8123,F1,70
F,3071578X30,,,800,12/11/2015,12/11/2015,12/11/2015,12/11/2015,119,7226110091C04100000000,1802.5,2190,17/11/15,283234,EXIT,EUA,15NL1D3A9724AC8123,F1,70
F,3071578X31,,,800,12/11/2015,12/11/2015,12/11/2015,12/11/2015,170,7226110091C04100000000,1802.5,2190,17/11/15,283234,EXIT,EUA,15NL1D3A9724AC8123,F1,100
F,3071578X32,,,800,12/11/2015,12/11/2015,12/11/2015,12/11/2015,170,7226110091C04100000000,1802.5,2190,17/11/15,283234,EXIT,EUA,15NL1D3A9724AC8123,F1,100
F,3071578X33,,,800,12/11/2015,12/11/2015,12/11/2015,12/11/2015,187,7226110091C04100000000,1802.5,2190,17/11/15,283234,EXIT,EUA,15NL1D3A9724AC8123,F1,110
F,3071578X34,,,800,12/11/2015,12/11/2015,12/11/2015,12/11/2015,187,7226110091C04100000000,1802.5,2190,17/11/15,283234,EXIT,EUA,15NL1D3A9724AC8123,F1,110
F,3071578X35,,,800,12/11/2015,12/11/2015,12/11/2015,12/11/2015,255,7226110091C04100000000,1802.5,2190,20/11/15,283234,ENTREPOT,,,F1,150
F,3071578X36,,,800,12/11/2015,12/11/2015,12/11/2015,12/11/2015,290,7226110091C04100000000,1802.5,2190,17/11/15,283234,EXIT,EUA,15NL1D3A9724AC8123,F1,170
F,3071578X38,,,800,12/11/2015,12/11/2015,27/11/15,12/11/2015,93,7226110091C04100000000,1802.5,2190,8/12/2015,284303,EU,,,F1,70
S,3071628X02,,,900,6/10/2015,,6/11/2015,,2159,7225110010C04100000000,1682,0,,283221,NEU,,,T1,820
X,3071628X02SCRAP,,,200,6/11/2015,,6/11/2015,6/11/2015,9,7.20429E+21,1682,0,,283221,ENTREPOT,,,T3,0
** No Customs-document record is available. (91),,,,,,,,,,,,,,,,,,,
F,3071628X09,,,800,6/10/2015,,6/11/2015,,1090,7225110010C04100000000,1682,2015,16/11/15,283221,EXIT,,,T2,820
** No Customs-document record is available. (91),,,,,,,,,,,,,,,,,,,
F,3071628X10,,,800,6/10/2015,,6/11/2015,,1060,7225110010C04100000000,1682,2015,16/11/15,283221,EXIT,,,T2,820
S,3071638X09,,,900,5/10/2015,,20/11/15,,720,7226110091C04100000000,1682,0,,283751,NEU,,,T1,430
X,3071638X09SCRAP,,,200,20/11/15,,20/11/15,20/11/15,60,7.20429E+21,1682,0,,283751,ENTREPOT,,,T3,0
** No Customs-document record is available. (91),,,,,,,,,,,,,,,,,,,
F,3071638X11,,,800,5/10/2015,,20/11/15,,112,7226110091C04100000000,1682,2015,2/12/2015,283751,EXIT,,,T2,70
** No Customs-document record is available. (91),,,,,,,,,,,,,,,,,,,
F,3071638X12,,,800,5/10/2015,,20/11/15,,274,7226110091C04100000000,1682,2015,2/12/2015,283751,EXIT,,,T2,170
** No Customs-document record is available. (91),,,,,,,,,,,,,,,,,,,
F,3071638X13,,,800,5/10/2015,,20/11/15,,274,7226110091C04100000000,1682,2015,2/12/2015,283751,EXIT,,,T2,170
S,3074254X01,,,900,11/11/2015,16/11/15,16/11/15,16/11/15,213,7226110091C04100000000,1682,0,,283925,USED,,,T1,110
X,3074254X01SCRAP,,,200,16/11/15,,16/11/15,16/11/15,42,7.20429E+21,1682,0,,283925,ENTREPOT,,,T3,0
** No Customs-document record is available. (91),,,,,,,,,,,,,,,,,,,
F,3074254X07,,,800,16/11/15,,16/11/15,16/11/15,171,7226110091C04100000000,1682,2015,20/11/15,283925,EXIT,,,T2,90
S,3074256X02,,,900,10/11/2015,10/11/2015,10/11/2015,10/11/2015,1359,7226110011C04100000000,1682,0,,283528,USED,,,T1,540
X,3074256X02SCRAP,,,200,10/11/2015,,10/11/2015,10/11/2015,9,7.20429E+21,1682,0,,283528,ENTREPOT,,,T3,0
S,3074256X05,,,900,10/11/2015,20/11/15,20/11/15,20/11/15,1217,7226110011C04100000000,1682,0,,283743,USED,,,T1,540
X,3074256X05SCRAP,,,200,20/11/15,,20/11/15,20/11/15,47,7.20429E+21,1682,0,,283743,ENTREPOT,,,T3,0
F,3074256X07,,,800,10/11/2015,17/11/15,10/11/2015,10/11/2015,1350,7226110011C04100000000,1682,2467,17/11/15,283528,EXIT,EUA,15NL1D390F20A6FB03,T2,540
** No Customs-document record is available. (91),,,,,,,,,,,,,,,,,,,
F,3074256X08,,,800,20/11/15,,20/11/15,20/11/15,135,7226110091C04100000000,1682,2015,2/12/2015,283743,EXIT,,,T2,60
** No Customs-document record is available. (91),,,,,,,,,,,,,,,,,,,
F,3074256X09,,,800,20/11/15,,20/11/15,20/11/15,405,7226110091C04100000000,1682,2015,2/12/2015,283743,EXIT,,,T2,180
** No Customs-document record is available. (91),,,,,,,,,,,,,,,,,,,
F,3074256X10,,,800,20/11/15,,20/11/15,20/11/15,495,7226110091C04100000000,1682,2015,2/12/2015,283743,EXIT,,,T2,220
** No Customs-document record is available. (91),,,,,,,,,,,,,,,,,,,
F,3074256X11,,,800,20/11/15,,20/11/15,20/11/15,135,7226110091C04100000000,1682,2015,4/12/2015,283743,EXIT,,,T2,60
S,3074257X06,,,900,11/11/2015,12/11/2015,12/11/2015,12/11/2015,343,7226110091C04100000000,1682,0,,282978,USED,,,T1,180
X,3074257X06SCRAP,,,200,12/11/2015,,12/11/2015,12/11/2015,-3,7.20429E+21,1682,0,,282978,ENTREPOT,,,T3,0
S,3074257X13,,,900,11/11/2015,12/11/2015,12/11/2015,12/11/2015,477,7226110091C04100000000,1682,0,,282979,USED,,,T1,250
X,3074257X13SCRAP,,,200,12/11/2015,,12/11/2015,12/11/2015,9,7.20429E+21,1682,0,,282979,ENTREPOT,,,T3,0
** No Customs-document record is available. (91),,,,,,,,,,,,,,,,,,,
F,3074257X14,,,800,12/11/2015,,12/11/2015,12/11/2015,163,7226110091C04100000000,1682,2015,16/11/15,282978,EXIT,,,T2,180
** No Customs-document record is available. (91),,,,,,,,,,,,,,,,,,,
F,3074257X15,,,800,12/11/2015,,12/11/2015,12/11/2015,183,7226110091C04100000000,1682,2015,4/12/2015,282978,EXIT,,,T2,180
** No Customs-document record is available. (91),,,,,,,,,,,,,,,,,,,
F,3074257X16,,,800,12/11/2015,,12/11/2015,12/11/2015,238,7226110091C04100000000,1682,2015,16/11/15,282979,EXIT,,,T2,250
S,3074257X17,,,500,12/11/2015,,12/11/2015,12/11/2015,230,7226110091C04100000000,1682,0,,282979,EU,,,T2,250
S,3074267X03,,,900,10/11/2015,20/11/15,20/11/15,20/11/15,1364,7226110011C04100000000,1682,0,,283555,USED,,,T1,580
X,3074267X03SCRAP,,,200,20/11/15,,20/11/15,20/11/15,99,7.20429E+21,1682,0,,283555,ENTREPOT,,,T3,0
** No Customs-document record is available. (91),,,,,,,,,,,,,,,,,,,
F,3074267X10,,,800,20/11/15,,20/11/15,20/11/15,206,7226110091C04100000000,1682,2015,26/11/15,283555,EXIT,,,T2,90
** No Customs-document record is available. (91),,,,,,,,,,,,,,,,,,,
F,3074267X11,,,800,20/11/15,,20/11/15,20/11/15,299,7226110091C04100000000,1682,2520,3/12/2015,283555,EXIT,,,T2,130
F,3074267X12,,,800,20/11/15,26/11/15,20/11/15,20/11/15,368,7226110091C04100000000,1682,2790,26/11/15,283555,EXIT,EUA,15NL1E0E972BE655E0,T2,160
** No Customs-document record is available. (91),,,,,,,,,,,,,,,,,,,
F,3074267X13,,,800,20/11/15,,20/11/15,20/11/15,392,7226110091C04100000000,1682,2015,26/11/15,283555,EXIT,,,T2,170
S,3074269X11,,,900,5/11/2015,20/11/15,20/11/15,20/11/15,211,7226110091C04100000000,1682,0,,283418,USED,,,T1,120
X,3074269X11SCRAP,,,200,20/11/15,,20/11/15,20/11/15,21,7.20429E+21,1682,0,,283418,ENTREPOT,,,T3,0
S,3074269X17,,,900,5/11/2015,20/11/15,20/11/15,20/11/15,368,7226110091C04100000000,1682,0,,283408,USED,,,T1,120
X,3074269X17SCRAP,,,200,20/11/15,,20/11/15,20/11/15,95,7.20429E+21,1682,0,,283408,ENTREPOT,,,T3,0
** No Customs-document record is available. (91),,,,,,,,,,,,,,,,,,,
F,3074269X25,,,800,20/11/15,,20/11/15,20/11/15,273,7226110091C04100000000,1682,2015,25/11/15,283408,EXIT,,,T2,90
** No Customs-document record is available. (91),,,,,,,,,,,,,,,,,,,
F,3074269X26,,,800,20/11/15,,20/11/15,20/11/15,190,7226110091C04100000000,1682,2015,26/11/15,283418,EXIT,,,T2,110
S,3074271X03,,,900,9/11/2015,20/11/15,20/11/15,20/11/15,345,7226110091C04100000000,1682,0,,283406,USED,,,T1,100
X,3074271X03SCRAP,,,200,20/11/15,,20/11/15,20/11/15,34,7.20429E+21,1682,0,,283406,ENTREPOT,,,T3,0
S,3074271X08,,,900,9/11/2015,20/11/15,20/11/15,20/11/15,346,7226110091C04100000000,1682,0,,283407,USED,,,T1,100
X,3074271X08SCRAP,,,200,20/11/15,,20/11/15,20/11/15,37,7.20429E+21,1682,0,,283407,ENTREPOT,,,T3,0
** No Customs-document record is available. (91),,,,,,,,,,,,,,,,,,,
F,3074271X11,,,800,20/11/15,,20/11/15,20/11/15,311,7226110091C04100000000,1682,2015,25/11/15,283406,EXIT,,,T2,90
** No Customs-document record is available. (91),,,,,,,,,,,,,,,,,,,
F,3074271X12,,,800,20/11/15,,20/11/15,20/11/15,309,7226110091C04100000000,1682,2015,25/11/15,283407,EXIT,,,T2,90
S,3074274X08,,,900,4/11/2015,16/11/15,16/11/15,16/11/15,448,7226110091C04100000000,1682,0,,283061,USED,,,T1,190
X,3074274X08SCRAP,,,200,16/11/15,,16/11/15,16/11/15,33,7.20429E+21,1682,0,,283061,ENTREPOT,,,T3,0
** No Customs-document record is available. (91),,,,,,,,,,,,,,,,,,,
F,3074274X17,,,800,16/11/15,,16/11/15,16/11/15,415,7226110091C04100000000,1682,2015,24/11/15,283061,EXIT,,,T2,180
S,3074275X11,,,900,5/11/2015,11/11/2015,11/11/2015,11/11/2015,1613,7225110010C04100000000,1682,0,,283115,USED,,,T1,820
X,3074275X11SCRAP,,,200,11/11/2015,,11/11/2015,11/11/2015,43,7.20429E+21,1682,0,,283115,ENTREPOT,,,T3,0
S,3074275X16,,,900,11/11/2015,,11/11/2015,11/11/2015,431,7226110091C04100000000,1682,0,,283115,USED,,,T2,220
F,3074275X17,,,800,11/11/2015,16/11/15,11/11/2015,11/11/2015,1139,7226110011C04100000000,1682,2467,16/11/15,283115,EXIT,EUA,15NL1D2785270F28D8,T2,580
S,3074278X03,,,900,11/11/2015,20/11/15,20/11/15,20/11/15,1043,7226110011C04100000000,1682,0,,283745,USED,,,T1,520
X,3074278X03SCRAP,,,200,20/11/15,,20/11/15,20/11/15,43,7.20429E+21,1682,0,,283745,ENTREPOT,,,T3,0
S,3074278X04,,,900,11/11/2015,20/11/15,20/11/15,20/11/15,942,7226110091C04100000000,1682,0,,283747,USED,,,T1,470
X,3074278X04SCRAP,,,200,20/11/15,,20/11/15,20/11/15,27,7.20429E+21,1682,0,,283747,ENTREPOT,,,T3,0
** No Customs-document record is available. (91),,,,,,,,,,,,,,,,,,,
F,3074278X18,,,800,20/11/15,,20/11/15,20/11/15,280,7226110091C04100000000,1682,2520,4/12/2015,283745,EXIT,,,T2,140
** No Customs-document record is available. (91),,,,,,,,,,,,,,,,,,,
F,3074278X19,,,800,20/11/15,,20/11/15,20/11/15,340,7226110091C04100000000,1682,2015,2/12/2015,283745,EXIT,,,T2,170
** No Customs-document record is available. (91),,,,,,,,,,,,,,,,,,,
F,3074278X20,,,800,20/11/15,,20/11/15,20/11/15,380,7226110091C04100000000,1682,2015,2/12/2015,283745,EXIT,,,T2,190
** No Customs-document record is available. (91),,,,,,,,,,,,,,,,,,,
F,3074278X21,,,800,20/11/15,,20/11/15,20/11/15,183,7226110091C04100000000,1682,2015,2/12/2015,283747,EXIT,,,T2,110
** No Customs-document record is available. (91),,,,,,,,,,,,,,,,,,,
F,3074278X22,,,800,20/11/15,,20/11/15,20/11/15,233,7226110091C04100000000,1682,2520,4/12/2015,283747,EXIT,,,T2,140
** No Customs-document record is available. (91),,,,,,,,,,,,,,,,,,,
F,3074278X23,,,800,20/11/15,,20/11/15,20/11/15,334,7226110091C04100000000,1682,2015,2/12/2015,283747,EXIT,,,T2,200
F,3074278X24,,,400,20/11/15,,20/11/15,20/11/15,165,7226110091C04100000000,1682,800,,283747,EU,,,T2,470
S,3074279X03,,,900,10/11/2015,20/11/15,20/11/15,20/11/15,1016,7226110011C04100000000,1682,0,,283556,USED,,,T1,580
X,3074279X03SCRAP,,,200,20/11/15,,20/11/15,20/11/15,61,7.20429E+21,1682,0,,283556,ENTREPOT,,,T3,0
S,3074279X07,,,900,10/11/2015,20/11/15,20/11/15,20/11/15,1161,7226110011C04100000000,1682,0,,283557,USED,,,T1,580
X,3074279X07SCRAP,,,200,20/11/15,,20/11/15,20/11/15,61,7.20429E+21,1682,0,,283557,ENTREPOT,,,T3,0
S,3074279X11,,,900,10/11/2015,20/11/15,20/11/15,20/11/15,1416,7226110011C04100000000,1682,0,,283558,USED,,,T1,580
X,3074279X11SCRAP,,,200,20/11/15,,20/11/15,20/11/15,76,7.20429E+21,1682,0,,283558,ENTREPOT,,,T3,0
** No Customs-document record is available. (91),,,,,,,,,,,,,,,,,,,
F,3074279X13,,,800,20/11/15,,20/11/15,20/11/15,156,7226110091C04100000000,1682,2015,26/11/15,283556,EXIT,,,T2,90
** No Customs-document record is available. (91),,,,,,,,,,,,,,,,,,,
F,3074279X14,,,800,20/11/15,,20/11/15,20/11/15,225,7226110091C04100000000,1682,2520,3/12/2015,283556,EXIT,,,T2,130
F,3074279X15,,,800,20/11/15,26/11/15,20/11/15,20/11/15,278,7226110091C04100000000,1682,2790,26/11/15,283556,EXIT,EUA,15NL1E0E972BE655E0,T2,160
** No Customs-document record is available. (91),,,,,,,,,,,,,,,,,,,
F,3074279X16,,,800,20/11/15,,20/11/15,20/11/15,296,7226110091C04100000000,1682,2015,26/11/15,283556,EXIT,,,T2,170
** No Customs-document record is available. (91),,,,,,,,,,,,,,,,,,,
F,3074279X17,,,800,20/11/15,,20/11/15,20/11/15,179,7226110091C04100000000,1682,2015,26/11/15,283557,EXIT,,,T2,90
S,3074279X18,,,900,20/11/15,,20/11/15,20/11/15,260,7226110091C04100000000,1682,0,,283557,USED,,,T2,130
F,3074279X19,,,800,20/11/15,26/11/15,20/11/15,20/11/15,320,7226110091C04100000000,1682,2790,26/11/15,283557,EXIT,EUA,15NL1E0E972BE655E0,T2,160
** No Customs-document record is available. (91),,,,,,,,,,,,,,,,,,,
F,3074279X20,,,800,20/11/15,,20/11/15,20/11/15,341,7226110091C04100000000,1682,2015,26/11/15,283557,EXIT,,,T2,170
** No Customs-document record is available. (91),,,,,,,,,,,,,,,,,,,
F,3074279X21,,,800,20/11/15,,20/11/15,20/11/15,219,7226110091C04100000000,1682,2015,26/11/15,283558,EXIT,,,T2,90
** No Customs-document record is available. (91),,,,,,,,,,,,,,,,,,,
F,3074279X22,,,800,20/11/15,,20/11/15,20/11/15,316,7226110091C04100000000,1682,2520,4/12/2015,283558,EXIT,,,T2,130
F,3074279X23,,,800,20/11/15,26/11/15,20/11/15,20/11/15,390,7226110091C04100000000,1682,2790,26/11/15,283558,EXIT,EUA,15NL1E0E972BE655E0,T2,160
** No Customs-document record is available. (91),,,,,,,,,,,,,,,,,,,
F,3074279X24,,,800,20/11/15,,20/11/15,20/11/15,415,7226110091C04100000000,1682,2015,1/12/2015,283558,EXIT,,,T2,170
S,3076806X08,,,900,6/11/2015,20/11/15,20/11/15,20/11/15,784,7226110091C04100000000,1682,0,,283753,USED,,,T1,410
X,3076806X08SCRAP,,,200,20/11/15,,20/11/15,20/11/15,44,7.20429E+21,1682,0,,283753,ENTREPOT,,,T3,0
** No Customs-document record is available. (91),,,,,,,,,,,,,,,,,,,
F,3076806X09,,,800,20/11/15,,20/11/15,20/11/15,170,7226110091C04100000000,1682,2015,2/12/2015,283753,EXIT,,,T2,90
** No Customs-document record is available. (91),,,,,,,,,,,,,,,,,,,
F,3076806X10,,,800,20/11/15,,20/11/15,20/11/15,285,7226110091C04100000000,1682,2015,2/12/2015,283753,EXIT,,,T2,150
F,3076806X11,,,800,20/11/15,25/11/15,20/11/15,20/11/15,285,7226110091C04100000000,1682,2440,25/11/15,283753,EXIT,EXA,15NL1DF85A2E6ED874,T2,150
S,3076812X02,,,900,30/10/15,4/11/2015,4/11/2015,4/11/2015,1600,7225110010C04100000000,1682,0,,282824,USED,,,T1,820
X,3076812X02SCRAP,,,200,4/11/2015,,4/11/2015,4/11/2015,80,7.20429E+21,1682,0,,282824,ENTREPOT,,,T3,0
S,3076812X03,,,900,30/10/15,20/11/15,20/11/15,20/11/15,196,7226110091C04100000000,1682,0,,283410,USED,,,T1,100
X,3076812X03SCRAP,,,200,20/11/15,,20/11/15,20/11/15,24,7.20429E+21,1682,0,,283410,ENTREPOT,,,T3,0
S,3076812X04,,,900,30/10/15,4/11/2015,4/11/2015,4/11/2015,1614,7225110010C04100000000,1682,0,,282823,USED,,,T1,820
X,3076812X04SCRAP,,,200,4/11/2015,,4/11/2015,4/11/2015,44,7.20429E+21,1682,0,,282823,ENTREPOT,,,T3,0
S,3076812X06,,,900,30/10/15,4/11/2015,4/11/2015,4/11/2015,1601,7225110010C04100000000,1682,0,,282819,USED,,,T1,820
X,3076812X06SCRAP,,,200,4/11/2015,,4/11/2015,4/11/2015,41,7.20429E+21,1682,0,,282819,ENTREPOT,,,T3,0
S,3076812X08,,,900,30/10/15,4/11/2015,4/11/2015,4/11/2015,1552,7225110010C04100000000,1682,0,,282820,USED,,,T1,820
X,3076812X08SCRAP,,,200,4/11/2015,,4/11/2015,4/11/2015,42,7.20429E+21,1682,0,,282820,ENTREPOT,,,T3,0
** No Customs-document record is available. (91),,,,,,,,,,,,,,,,,,,
F,3076812X09,,,800,4/11/2015,,4/11/2015,4/11/2015,195,7226110091C04100000000,1682,2015,24/11/15,282819,EXIT,,,T2,100
F,3076812X10,,,800,4/11/2015,6/11/2015,4/11/2015,4/11/2015,273,7226110091C04100000000,1682,2790,6/11/2015,282819,EXIT,EUA,15NL1C3A9025DD9448,T2,140
F,3076812X11,,,800,4/11/2015,6/11/2015,4/11/2015,4/11/2015,273,7226110091C04100000000,1682,2790,6/11/2015,282819,EXIT,EUA,15NL1C3A9025DD9448,T2,140
F,3076812X12,,,800,4/11/2015,6/11/2015,4/11/2015,4/11/2015,273,7226110091C04100000000,1682,2790,6/11/2015,282819,EXIT,EUA,15NL1C3A9025DD9448,T2,140
F,3076812X13,,,800,4/11/2015,6/11/2015,4/11/2015,4/11/2015,273,7226110091C04100000000,1682,2790,6/11/2015,282819,EXIT,EUA,15NL1C3A9025DD9448,T2,140
F,3076812X14,,,800,4/11/2015,6/11/2015,4/11/2015,4/11/2015,273,7226110091C04100000000,1682,2790,6/11/2015,282819,EXIT,EUA,15NL1C3A9025DD9448,T2,140
** No Customs-document record is available. (91),,,,,,,,,,,,,,,,,,,
F,3076812X15,,,800,4/11/2015,,4/11/2015,4/11/2015,188,7226110091C04100000000,1682,2015,24/11/15,282820,EXIT,,,T2,100
F,3076812X16,,,800,4/11/2015,6/11/2015,4/11/2015,4/11/2015,265,7226110091C04100000000,1682,2790,6/11/2015,282820,EXIT,EUA,15NL1C3A9025DD9448,T2,140
F,3076812X17,,,800,4/11/2015,6/11/2015,4/11/2015,4/11/2015,265,7226110091C04100000000,1682,2790,6/11/2015,282820,EXIT,EUA,15NL1C3A9025DD9448,T2,140
F,3076812X18,,,800,4/11/2015,6/11/2015,4/11/2015,4/11/2015,264,7226110091C04100000000,1682,2790,6/11/2015,282820,EXIT,EUA,15NL1C3A9025DD9448,T2,140
F,3076812X19,,,800,4/11/2015,6/11/2015,4/11/2015,4/11/2015,264,7226110091C04100000000,1682,2790,6/11/2015,282820,EXIT,EUA,15NL1C3A9025DD9448,T2,140
F,3076812X20,,,800,4/11/2015,6/11/2015,4/11/2015,4/11/2015,264,7226110091C04100000000,1682,2790,6/11/2015,282820,EXIT,EUA,15NL1C3A9025DD9448,T2,140
F,3076812X21,,,800,4/11/2015,6/11/2015,4/11/2015,4/11/2015,255,7226110091C04100000000,1682,2790,6/11/2015,282823,EXIT,EUA,15NL1C3A9025DD9448,T2,130
F,3076812X22,,,800,4/11/2015,6/11/2015,4/11/2015,4/11/2015,255,7226110091C04100000000,1682,2790,6/11/2015,282823,EXIT,EUA,15NL1C3A9025DD9448,T2,130
** No Customs-document record is available. (91),,,,,,,,,,,,,,,,,,,
F,3076812X23,,,800,4/11/2015,,4/11/2015,4/11/2015,1060,7226110011C04100000000,1682,2015,12/11/2015,282823,EXIT,,,T2,540
F,3076812X24,,,800,4/11/2015,6/11/2015,4/11/2015,4/11/2015,247,7226110091C04100000000,1682,2790,6/11/2015,282824,EXIT,EUA,15NL1C3A9025DD9448,T2,130
F,3076812X25,,,800,4/11/2015,6/11/2015,4/11/2015,4/11/2015,247,7226110091C04100000000,1682,2790,6/11/2015,282824,EXIT,EUA,15NL1C3A9025DD9448,T2,130
** No Customs-document record is available. (91),,,,,,,,,,,,,,,,,,,
F,3076812X26,,,800,4/11/2015,,4/11/2015,4/11/2015,1026,7226110011C04100000000,1682,2015,12/11/2015,282824,EXIT,,,T2,540
** No Customs-document record is available. (91),,,,,,,,,,,,,,,,,,,
F,3076812X27,,,800,20/11/15,,20/11/15,20/11/15,172,7226110091C04100000000,1682,2015,25/11/15,283410,EXIT,,,T2,90
S,3076831X12,,,900,10/11/2015,16/11/15,16/11/15,16/11/15,429,7226110091C04100000000,1682,0,,283926,USED,,,T1,280
X,3076831X12SCRAP,,,200,16/11/15,,16/11/15,16/11/15,23,7.20429E+21,1682,0,,283926,ENTREPOT,,,T3,0
** No Customs-document record is available. (91),,,,,,,,,,,,,,,,,,,
F,3076831X16,,,800,16/11/15,,16/11/15,16/11/15,136,7226110091C04100000000,1682,2015,20/11/15,283926,EXIT,,,T2,90
** No Customs-document record is available. (91),,,,,,,,,,,,,,,,,,,
F,3076831X17,,,800,16/11/15,,16/11/15,16/11/15,135,7226110091C04100000000,1682,2015,20/11/15,283926,EXIT,,,T2,90
S,3076831X18,,,900,16/11/15,16/11/15,16/11/15,16/11/15,135,7226110091C04100000000,1682,0,,283926,USED,,,T2,90
X,3076831X18SCRAP,,,200,16/11/15,,16/11/15,16/11/15,2,7.20429E+21,1682,0,,283941,ENTREPOT,,,T3,0
** No Customs-document record is available. (91),,,,,,,,,,,,,,,,,,,
F,3076831X19,,,800,16/11/15,,16/11/15,16/11/15,133,7226110091C04100000000,1682,2015,20/11/15,283941,EXIT,,,T2,90
S,3076854X11,,,900,16/10/15,,16/10/15,16/10/15,203,7226110091C04100000000,1577,0,,283635,ENTREPOT,,,T1,110
X,3076854X11SCRAP,,,200,11/11/2015,,11/11/2015,11/11/2015,-4,7.20429E+21,1577,0,,283635,ENTREPOT,,,T3,0
F,3076854X12,,,800,16/10/15,20/11/15,16/10/15,16/10/15,207,7226110091C04100000000,1577,2350,20/11/15,283635,EXIT,EXA,15NL1D80D1293517A5,T2,110
S,3076854X13,,,900,16/10/15,,16/10/15,16/10/15,248,7226110091C04100000000,1577,0,,283637,ENTREPOT,,,T1,110
X,3076854X13SCRAP,,,200,11/11/2015,,11/11/2015,11/11/2015,-48,7.20429E+21,1577,0,,283637,ENTREPOT,,,T3,0
F,3076854X14,,,800,16/10/15,20/11/15,16/10/15,16/10/15,296,7226110091C04100000000,1577,2350,20/11/15,283637,EXIT,EXA,15NL1D80D1293517A5,T2,110
S,3076867X04,,,900,5/11/2015,19/11/15,19/11/15,19/11/15,3745,7225110010C04100000000,1577,0,,282540,USED,,,T1,900
X,3076867X04SCRAP,,,200,19/11/15,,19/11/15,19/11/15,147,7.20429E+21,1577,0,,282540,ENTREPOT,,,T3,0
S,3076867X10,,,900,,,16/11/15,,2605,7225110010C04100000000,1577,0,,283962,,,,T1,900
X,3076867X10SCRAP,,,200,16/11/15,,16/11/15,16/11/15,160,7.20429E+21,1577,0,,283962,ENTREPOT,,,T3,0
F,3076867X11,,,995,,,16/11/15,,1213,8.5049E+21,1577,1895,24/11/15,283962,,,,T2,900
F,3076867X12,,,995,,,16/11/15,,1232,8.5049E+21,1577,1895,24/11/15,283962,,,,T2,900
S,3076867X18,,,900,,,18/11/15,,270,7225110010C04100000000,1577,0,,284262,,,,T1,650
X,3076867X18SCRAP,,,200,18/11/15,,18/11/15,18/11/15,71,7.20429E+21,1577,0,,284262,ENTREPOT,,,T3,0
F,3076867X19,,,995,,,18/11/15,,199,8.5049E+21,1577,1895,25/11/15,284262,,,,T2,650
F,3076867X20,,,995,19/11/15,,19/11/15,19/11/15,1694,8.5049E+21,1577,1895,25/11/15,282540,ENTREPOT,,,T2,900
F,3076867X21,,,995,19/11/15,,19/11/15,19/11/15,1668,8.5049E+21,1577,1895,26/11/15,282540,ENTREPOT,,,T2,900
F,3076867X22,,,500,19/11/15,,19/11/15,19/11/15,236,7225110010C04100000000,1577,800,,282540,EU,,,T2,900
F,3078026X25,,,800,12/11/2015,12/11/2015,12/11/2015,12/11/2015,109,7226110091C04100000000,1802.5,2190,17/11/15,283232,EXIT,EUA,15NL1D3A9724AC8123,F1,100
F,3078026X26,,,800,12/11/2015,12/11/2015,12/11/2015,12/11/2015,109,7226110091C04100000000,1802.5,2190,17/11/15,283232,EXIT,EUA,15NL1D3A9724AC8123,F1,100
F,3078026X27,,,800,12/11/2015,12/11/2015,12/11/2015,12/11/2015,76,7226110091C04100000000,1802.5,2190,17/11/15,283232,EXIT,EUA,15NL1D3A9724AC8123,F1,70
F,3078026X28,,,800,12/11/2015,12/11/2015,12/11/2015,12/11/2015,87,7226110091C04100000000,1802.5,2190,17/11/15,283232,EXIT,EUA,15NL1D3A9724AC8123,F1,80
F,3078026X29,,,800,12/11/2015,12/11/2015,12/11/2015,12/11/2015,143,7226110091C04100000000,1802.5,2190,17/11/15,283232,EXIT,EUA,15NL1D3A9724AC8123,F1,130
F,3078026X30,,,800,12/11/2015,12/11/2015,12/11/2015,12/11/2015,164,7226110091C04100000000,1802.5,2190,17/11/15,283232,EXIT,EUA,15NL1D3A9724AC8123,F1,150
F,3078026X31,,,800,12/11/2015,12/11/2015,12/11/2015,12/11/2015,186,7226110091C04100000000,1802.5,2190,17/11/15,283232,EXIT,EUA,15NL1D3A9724AC8123,F1,170
S,3078043X20,,,900,5/11/2015,6/11/2015,6/11/2015,6/11/2015,377,7226110091C04100000000,2005,0,,283260,USED,,,T1,150
X,3078043X20SCRAP,,,200,6/11/2015,,6/11/2015,6/11/2015,36,7.20429E+21,2005,0,,283260,ENTREPOT,,,T3,0
S,3078043X25,,,900,6/11/2015,9/11/2015,9/11/2015,6/11/2015,341,7226110091C04100000000,2005,0,,283260,USED,,,T2,135
S,3078043X83,,,900,,,23/11/15,,24,7226110091C04100000000,2005,0,,284548,,,,T1,135
X,3078043X83SCRAP,,,200,23/11/15,,23/11/15,23/11/15,21,7.20429E+21,2005,0,,284548,ENTREPOT,,,T3,0
F,3078043X84,,,995,,,23/11/15,,2,8.5049E+21,2005,3300,2/12/2015,284548,,,,T2,135
F,3078043X85,,,995,,,23/11/15,,1,8.5049E+21,2005,3300,2/12/2015,284548,,,,T2,135
S,3078068X02,,,900,5/11/2015,18/11/15,18/11/15,18/11/15,5188,7225110010C04100000000,2005,0,,283963,USED,,,T1,1030
X,3078068X02SCRAP,,,200,18/11/15,,18/11/15,18/11/15,343,7.20429E+21,2005,0,,283963,ENTREPOT,,,T3,0
F,3078068X03,,,800,18/11/15,7/12/2015,18/11/15,18/11/15,156,7226110091C04100000000,2005,2790,7/12/2015,283963,EXIT,EUA,15NL1F0EB5207F7C32,T2,90
S,3078068X04,,,200,18/11/15,,18/11/15,18/11/15,269,7226110091C04100000000,2005,0,,283963,EU,,,T2,155
S,3078068X05,,,200,18/11/15,,18/11/15,18/11/15,295,7226110091C04100000000,2005,0,,283963,EU,,,T2,170
S,3078068X06,,,200,18/11/15,,18/11/15,18/11/15,305,7226110091C04100000000,2005,0,,283963,EU,,,T2,175
S,3078068X07,,,900,18/11/15,,18/11/15,18/11/15,340,7226110091C04100000000,2005,0,,283963,USED,,,T2,195
S,3078068X08,,,900,18/11/15,,18/11/15,18/11/15,340,7226110091C04100000000,2005,0,,283963,USED,,,T2,195
F,3078068X09,,,800,18/11/15,7/12/2015,18/11/15,18/11/15,157,7226110091C04100000000,2005,2790,7/12/2015,283963,EXIT,EUA,15NL1F0EB5207F7C32,T2,90
S,3078068X10,,,900,18/11/15,,18/11/15,18/11/15,271,7226110091C04100000000,2005,0,,283963,USED,,,T2,155
S,3078068X11,,,900,18/11/15,,18/11/15,18/11/15,297,7226110091C04100000000,2005,0,,283963,USED,,,T2,170
S,3078068X12,,,200,18/11/15,,18/11/15,18/11/15,306,7226110091C04100000000,2005,0,,283963,EU,,,T2,175
S,3078068X13,,,900,18/11/15,,18/11/15,18/11/15,342,7226110091C04100000000,2005,0,,283963,USED,,,T2,195
S,3078068X14,,,900,18/11/15,,18/11/15,18/11/15,342,7226110091C04100000000,2005,0,,283963,USED,,,T2,195
S,3078068X15,,,200,18/11/15,,18/11/15,18/11/15,130,7226110091C04100000000,2005,0,,283963,EU,,,T2,90
S,3078068X16,,,900,18/11/15,,18/11/15,18/11/15,225,7226110091C04100000000,2005,0,,283963,USED,,,T2,155
F,3078068X17,,,800,18/11/15,30/11/15,18/11/15,18/11/15,247,7226110091C04100000000,2005,2440,30/11/15,283963,EXIT,EXA,15NL1E67FB27BBC8E2,T2,170
S,3078068X18,,,200,18/11/15,,18/11/15,18/11/15,255,7226110091C04100000000,2005,0,,283963,EU,,,T2,175
S,3078068X19,,,200,18/11/15,,18/11/15,18/11/15,284,7226110091C04100000000,2005,0,,283963,EU,,,T2,195
S,3078068X20,,,200,18/11/15,,18/11/15,18/11/15,284,7226110091C04100000000,2005,0,,283963,EU,,,T2,195
S,3078751X27,,,900,,,18/11/15,,843,7225110010C04100000000,1577,0,,284269,,,,T1,730
X,3078751X27SCRAP,,,200,18/11/15,,18/11/15,18/11/15,158,7.20429E+21,1577,0,,284269,ENTREPOT,,,T3,0
F,3078751X28,,,995,,,18/11/15,,349,8.5049E+21,1577,1895,25/11/15,284269,,,,T2,730
F,3078751X29,,,995,,,18/11/15,,336,8.5049E+21,1577,1895,25/11/15,284269,,,,T2,730
S,3078751X34,,,900,,,19/11/15,,736,7225110010C04100000000,1577,0,,284348,,,,T1,860
X,3078751X34SCRAP,,,200,19/11/15,,19/11/15,19/11/15,195,7.20429E+21,1577,0,,284348,ENTREPOT,,,T3,0
F,3078751X35,,,995,,,19/11/15,,271,8.5049E+21,1577,1895,26/11/15,284348,,,,T2,860
F,3078751X36,,,995,,,19/11/15,,270,8.5049E+21,1577,1895,26/11/15,284348,,,,T2,860
S,3078752X23,,,900,,,17/11/15,,169,7225110010C04100000000,1577,0,,284141,,,,T1,730
X,3078752X23SCRAP,,,200,17/11/15,,17/11/15,17/11/15,42,7.20429E+21,1577,0,,284141,ENTREPOT,,,T3,0
F,3078752X24,,,995,,,17/11/15,,65,8.5049E+21,1577,1895,25/11/15,284141,,,,T2,730
F,3078752X25,,,995,,,17/11/15,,62,8.5049E+21,1577,1895,25/11/15,284141,,,,T2,730
S,3078752X28,,,900,,,,,921,7225110010C04100000000,1577,0,,284345,,,,T1,850
X,3078752X28SCRAP,,,200,19/11/15,,19/11/15,19/11/15,31,7.20429E+21,1577,0,,284345,ENTREPOT,,,T3,0
S,3078752X29,,,900,,,,,890,7225110010C04100000000,1577,0,,284345,USED,,,T2,850
S,3078752X35,,,900,,,19/11/15,,659,7225110010C04100000000,1577,0,,284370,,,,T1,890
X,3078752X35SCRAP,,,200,19/11/15,,19/11/15,19/11/15,79,7.20429E+21,1577,0,,284370,ENTREPOT,,,T3,0
F,3078752X36,,,995,,,19/11/15,,356,8.5049E+21,1577,1895,25/11/15,284370,,,,T2,890
F,3078752X37,,,400,,,19/11/15,,224,7225110010C04100000000,1577,800,,284370,EU,,,T2,890
S,3078754X15,,,900,,,19/11/15,,130,7225110010C04100000000,1577,0,,283987,,,,T1,890
X,3078754X15SCRAP,,,200,19/11/15,,19/11/15,19/11/15,37,7.20429E+21,1577,0,,283987,ENTREPOT,,,T3,0
S,3078754X28,,,900,,,19/11/15,,2126,7225110010C04100000000,1577,0,,284346,,,,T1,850
X,3078754X28SCRAP,,,200,19/11/15,,19/11/15,19/11/15,54,7.20429E+21,1577,0,,284346,ENTREPOT,,,T3,0
F,3078754X29,,,995,,,19/11/15,,198,8.5049E+21,1577,1895,25/11/15,284346,,,,T2,850
S,3078754X30,,,900,,,19/11/15,,1874,7225110010C04100000000,1577,0,,284346,USED,,,T2,850
S,3078754X36,,,900,,,19/11/15,,543,7225110010C04100000000,1577,0,,284350,,,,T1,870
X,3078754X36SCRAP,,,200,19/11/15,,19/11/15,19/11/15,98,7.20429E+21,1577,0,,284350,ENTREPOT,,,T3,0
F,3078754X37,,,995,,,19/11/15,,251,8.5049E+21,1577,1895,25/11/15,284350,,,,T2,870
F,3078754X38,,,400,,,19/11/15,,194,7225110010C04100000000,1577,800,,284350,EU,,,T2,870
F,3078754X39,,,995,,,19/11/15,,46,8.5049E+21,1577,1895,26/11/15,283987,,,,T2,890
F,3078754X40,,,995,,,19/11/15,,47,8.5049E+21,1577,1895,26/11/15,283987,,,,T2,890
S,3078755X06,,,900,9/11/2015,20/11/15,20/11/15,20/11/15,1294,7225110010C04100000000,1577,0,,283559,USED,,,T1,650
X,3078755X06SCRAP,,,200,20/11/15,,20/11/15,20/11/15,119,7.20429E+21,1577,0,,283559,ENTREPOT,,,T3,0
S,3078755X08,,,900,9/11/2015,20/11/15,20/11/15,20/11/15,1287,7225110010C04100000000,1577,0,,283560,USED,,,T1,650
X,3078755X08SCRAP,,,200,20/11/15,,20/11/15,20/11/15,107,7.20429E+21,1577,0,,283560,ENTREPOT,,,T3,0
S,3078755X13,,,900,20/11/15,,20/11/15,20/11/15,1175,7225110010C04100000000,1577,0,,283559,USED,,,T2,600
S,3078755X14,,,900,20/11/15,,20/11/15,20/11/15,1180,7225110010C04100000000,1577,0,,283560,USED,,,T2,600
S,3078755X39,,,900,,,17/11/15,,53,7226110091C04100000000,1577,0,,284216,,,,T1,290
X,3078755X39SCRAP,,,200,17/11/15,,17/11/15,17/11/15,23,7.20429E+21,1577,0,,284216,ENTREPOT,,,T3,0
F,3078755X40,,,995,,,17/11/15,,14,8.5049E+21,1577,1895,25/11/15,284216,,,,T2,290
F,3078755X41,,,995,,,17/11/15,,16,8.5049E+21,1577,1895,25/11/15,284216,,,,T2,290
S,3078755X44,,,900,,,17/11/15,,461,7226110091C04100000000,1577,0,,284218,,,,T1,290
X,3078755X44SCRAP,,,200,17/11/15,,17/11/15,17/11/15,5,7.20429E+21,1577,0,,284218,ENTREPOT,,,T3,0
F,3078755X45,,,995,,,17/11/15,,66,8.5049E+21,1577,1895,25/11/15,284218,,,,T2,290
S,3078755X46,,,200,,,17/11/15,,390,7226110091C04100000000,1577,0,,284218,EU,,,T2,290
S,3078755X51,,,900,,,19/11/15,,559,7225110010C04100000000,1577,0,,284277,,,,T1,820
X,3078755X51SCRAP,,,200,19/11/15,,19/11/15,19/11/15,207,7.20429E+21,1577,0,,284277,ENTREPOT,,,T3,0
F,3078755X52,,,995,,,19/11/15,,178,8.5049E+21,1577,1895,26/11/15,284277,,,,T2,820
F,3078755X53,,,995,,,19/11/15,,174,8.5049E+21,1577,1895,26/11/15,284277,,,,T2,820
S,3078759X13,,,900,,,17/11/15,,498,7225110010C04100000000,1577,0,,284035,,,,T1,830
X,3078759X13SCRAP,,,200,17/11/15,,17/11/15,17/11/15,103,7.20429E+21,1577,0,,284035,ENTREPOT,,,T3,0
F,3078759X14,,,995,,,17/11/15,,199,8.5049E+21,1577,1895,25/11/15,284035,,,,T2,830
F,3078759X15,,,995,,,17/11/15,,196,8.5049E+21,1577,1895,24/11/15,284035,,,,T2,830
S,3078759X17,,,900,,,19/11/15,,1287,7225110010C04100000000,1577,0,,284376,,,,T1,900
X,3078759X17SCRAP,,,200,19/11/15,,19/11/15,19/11/15,311,7.20429E+21,1577,0,,284376,ENTREPOT,,,T3,0
F,3078759X18,,,995,,,19/11/15,,489,8.5049E+21,1577,1895,25/11/15,284376,,,,T2,900
F,3078759X19,,,995,,,19/11/15,,487,8.5049E+21,1577,1895,26/11/15,284376,,,,T2,900
S,3078760X04,,,900,5/11/2015,16/11/15,16/11/15,16/11/15,3335,7225110010C04100000000,1577,0,,282543,USED,,,T1,900
X,3078760X04SCRAP,,,200,16/11/15,,16/11/15,16/11/15,215,7.20429E+21,1577,0,,282543,ENTREPOT,,,T3,0
F,3078760X09,,,995,16/11/15,,16/11/15,16/11/15,1548,8.5049E+21,1577,1895,24/11/15,282543,ENTREPOT,,,T2,900
F,3078760X10,,,995,16/11/15,,16/11/15,16/11/15,1572,8.5049E+21,1577,1895,24/11/15,282543,ENTREPOT,,,T2,900
S,3078760X13,,,900,,,16/11/15,,1925,7225110010C04100000000,1577,0,,283983,,,,T1,900
X,3078760X13SCRAP,,,200,16/11/15,,16/11/15,16/11/15,330,7.20429E+21,1577,0,,283983,ENTREPOT,,,T3,0
F,3078760X14,,,995,,,16/11/15,,1595,8.5049E+21,1577,1895,25/11/15,283983,,,,T2,900
S,3078760X17,,,900,,,17/11/15,,176,7225110010C04100000000,1577,0,,284049,,,,T1,780
X,3078760X17SCRAP,,,200,17/11/15,,17/11/15,17/11/15,68,7.20429E+21,1577,0,,284049,ENTREPOT,,,T3,0
F,3078760X18,,,995,,,17/11/15,,55,8.5049E+21,1577,1895,25/11/15,284049,,,,T2,780
F,3078760X19,,,995,,,17/11/15,,53,8.5049E+21,1577,1895,24/11/15,284049,,,,T2,780
S,3078761X18,,,900,,,18/11/15,,291,7225110010C04100000000,1577,0,,284258,,,,T1,600
X,3078761X18SCRAP,,,200,18/11/15,,18/11/15,18/11/15,132,7.20429E+21,1577,0,,284258,ENTREPOT,,,T3,0
F,3078761X19,,,995,,,18/11/15,,159,8.5049E+21,1577,1895,25/11/15,284258,,,,T2,600
R,3091211,FIAT,VC/15/6150,900,7/12/2015,14/12/15,14/12/15,14/12/15,8031,7225110010C04100000000,2005,0,,285786,AV,,,R1,1035
X,3091211SCRAP,,,200,14/12/15,,14/12/15,14/12/15,271,7.20429E+21,2005,0,,285786,ENTREPOT,,,T3,0
S,3091211X01,,,900,14/12/15,18/12/15,18/12/15,18/12/15,3830,7225110010C04100000000,2005,0,,285786,USED,,,T2,1000
X,3091211X01SCRAP,,,200,18/12/15,,18/12/15,18/12/15,145,7.20429E+21,2005,0,,286310,ENTREPOT,,,T3,0
F,3091211X02,,,800,14/12/15,16/12/15,14/12/15,14/12/15,3930,7225110010C04100000000,2005,2440,16/12/15,285786,EXIT,IMA,ART546-18257-03,T2,1000
S,3091211X03,,,250,18/12/15,,18/12/15,18/12/15,3685,7225110010C04100000000,2005,0,,286310,ENTREPOT,,,T2,970
R,3091212,FIAT,VC/15/6150,900,7/12/2015,15/12/15,15/12/15,15/12/15,7957,7225110010C04100000000,2005,0,,285798,AV,,,R1,1020
X,3091212SCRAP,,,200,15/12/15,,15/12/15,15/12/15,247,7.20429E+21,2005,0,,285798,ENTREPOT,,,T3,0
F,3091212X01,,,500,15/12/15,,15/12/15,15/12/15,2475,7225110010C04100000000,2005,2440,,285798,ENTREPOT,,,T2,980
F,3091212X02,,,800,15/12/15,17/12/15,15/12/15,15/12/15,5235,7225110010C04100000000,2005,2440,17/12/15,285798,EXIT,IMA,ART546-18257-05,T2,990
R,3091213,FIAT,VC/15/6150,200,7/12/2015,,,,7933,7225110010C04100000000,2005,0,,?,ENTREPOT,,,R1,1040
R,3091218,FIAT,VC/15/6150,900,7/12/2015,16/12/15,16/12/15,16/12/15,7797,7225110010C04100000000,2005,0,,285802,AV,,,R1,1040
X,3091218SCRAP,,,200,16/12/15,,16/12/15,16/12/15,457,7.20429E+21,2005,0,,285802,ENTREPOT,,,T3,0
F,3091218X01,,,500,16/12/15,,16/12/15,16/12/15,3715,7225110010C04100000000,2005,2440,,285802,ENTREPOT,,,T2,990
F,3091218X02,,,500,16/12/15,,16/12/15,16/12/15,3625,7225110010C04100000000,2005,2440,,285802,ENTREPOT,,,T2,990
R,3091219,FIAT,VC/15/6150,900,7/12/2015,14/12/15,14/12/15,14/12/15,7809,7225110010C04100000000,2005,0,,285788,AV,,,R1,1040
X,3091219SCRAP,,,200,14/12/15,,14/12/15,14/12/15,269,7.20429E+21,2005,0,,285788,ENTREPOT,,,T3,0
F,3091219X01,,,800,14/12/15,16/12/15,14/12/15,14/12/15,3715,7225110010C04100000000,2005,2440,16/12/15,285788,EXIT,IMA,ART546-18257-03,T2,1000
F,3091219X02,,,800,14/12/15,16/12/15,14/12/15,14/12/15,3825,7225110010C04100000000,2005,2440,16/12/15,285788,EXIT,IMA,ART546-18257-03,T2,1000
R,3091220,FIAT,VC/15/6150,200,7/12/2015,,,,8187,7225110010C04100000000,2005,0,,?,ENTREPOT,,,R1,1040
R,3091221,FIAT,VC/15/6150,200,7/12/2015,,,,8132,7225110010C04100000000,2005,0,,?,ENTREPOT,,,R1,1030
R,3091222,FIAT,VC/15/6150,900,7/12/2015,14/12/15,14/12/15,14/12/15,8055,7225110010C04100000000,2005,0,,285785,AV,,,R1,1035
X,3091222SCRAP,,,200,14/12/15,,14/12/15,14/12/15,375,7.20429E+21,2005,0,,285785,ENTREPOT,,,T3,0
F,3091222X01,,,800,14/12/15,15/12/15,14/12/15,14/12/15,5245,7225110010C04100000000,2005,2440,15/12/15,285785,EXIT,IMA,ART546-18257-02,T2,1000
F,3091222X02,,,800,14/12/15,16/12/15,14/12/15,14/12/15,2435,7225110010C04100000000,2005,2440,16/12/15,285785,EXIT,IMA,ART546-18257-03,T2,990
R,3091223,FIAT,VC/15/6150,200,7/12/2015,,,,7945,7225110010C04100000000,2005,0,,?,ENTREPOT,,,R1,1040
R,3091224,FIAT,VC/15/6150,900,7/12/2015,15/12/15,15/12/15,15/12/15,8315,7225110010C04100000000,2005,0,,285797,AV,,,R1,1040
X,3091224SCRAP,,,200,15/12/15,,15/12/15,15/12/15,365,7.20429E+21,2005,0,,285797,ENTREPOT,,,T3,0
F,3091224X01,,,800,15/12/15,17/12/15,15/12/15,15/12/15,3945,7225110010C04100000000,2005,2440,17/12/15,285797,EXIT,IMA,ART546-18257-05,T2,990
F,3091224X02,,,800,15/12/15,17/12/15,15/12/15,15/12/15,4005,7225110010C04100000000,2005,2440,17/12/15,285797,EXIT,IMA,ART546-18257-05,T2,990
R,3091225,FIAT,VC/15/6150,900,7/12/2015,15/12/15,15/12/15,15/12/15,8079,7225110010C04100000000,2005,0,,285794,AV,,,R1,1035
X,3091225SCRAP,,,200,15/12/15,,15/12/15,15/12/15,374,7.20429E+21,2005,0,,285794,ENTREPOT,,,T3,0
F,3091225X01,,,800,15/12/15,16/12/15,15/12/15,15/12/15,3850,7225110010C04100000000,2005,2440,16/12/15,285794,EXIT,IMA,ART546-18257-04,T2,995
F,3091225X02,,,800,15/12/15,16/12/15,15/12/15,15/12/15,3855,7225110010C04100000000,2005,2440,16/12/15,285794,EXIT,IMA,ART546-18257-04,T2,995
R,3091226,FIAT,VC/15/6150,900,7/12/2015,14/12/15,14/12/15,14/12/15,7437,7225110010C04100000000,2005,0,,285791,AV,,,R1,1040
X,3091226SCRAP,,,200,14/12/15,,14/12/15,14/12/15,287,7.20429E+21,2005,0,,285791,ENTREPOT,,,T3,0
S,3091226X01,,,200,14/12/15,,14/12/15,14/12/15,150,7226110091C04100000000,2005,0,,285791,ENTREPOT,,,T2,60
F,3091226X02,,,800,14/12/15,16/12/15,14/12/15,14/12/15,2365,7225110010C04100000000,2005,2440,16/12/15,285791,EXIT,IMA,ART546-18257-04,T2,940
F,3091226X03,,,800,14/12/15,16/12/15,14/12/15,14/12/15,4635,7225110010C04100000000,2005,2440,16/12/15,285791,EXIT,IMA,ART546-18257-03,T2,1000
R,3091227,FIAT,VC/15/6150,200,7/12/2015,,,,8103,7225110010C04100000000,2005,0,,?,ENTREPOT,,,R1,1035
R,3091228,FIAT,VC/15/6150,900,7/12/2015,17/12/15,17/12/15,17/12/15,8025,7225110010C04100000000,2005,0,,285805,AV,,,R1,1040
X,3091228SCRAP,,,200,17/12/15,,17/12/15,17/12/15,415,7.20429E+21,2005,0,,285805,ENTREPOT,,,T3,0
F,3091228X01,,,500,17/12/15,,17/12/15,17/12/15,5125,7225110010C04100000000,2005,2440,,285805,ENTREPOT,,,T2,985
S,3091228X02,,,200,17/12/15,,17/12/15,17/12/15,151,7226110091C04100000000,2005,0,,285805,ENTREPOT,,,T2,60
F,3091228X03,,,500,17/12/15,,17/12/15,17/12/15,2334,7225110010C04100000000,2005,2440,,285805,ENTREPOT,,,T2,925
R,3091229,FIAT,VC/15/6150,900,7/12/2015,18/12/15,18/12/15,18/12/15,8123,7225110010C04100000000,2005,0,,285807,AV,,,R1,1035
X,3091229SCRAP,,,200,18/12/15,,18/12/15,18/12/15,513,7.20429E+21,2005,0,,285807,ENTREPOT,,,T3,0
F,3091229X01,,,500,18/12/15,,18/12/15,18/12/15,3805,7225110010C04100000000,2005,2440,,285807,ENTREPOT,,,T2,970
F,3091229X02,,,500,18/12/15,,18/12/15,18/12/15,3805,7225110010C04100000000,2005,2440,,285807,ENTREPOT,,,T2,970
R,3091230,FIAT,VC/15/6150,200,7/12/2015,,,,6451,7225110010C04100000000,2005,0,,?,ENTREPOT,,,R1,1030
R,3091231,FIAT,VC/15/6150,200,7/12/2015,,,,6443,7225110010C04100000000,2005,0,,?,ENTREPOT,,,R1,1030
R,3091232,FIAT,VC/15/6150,200,7/12/2015,,,,8239,7225110010C04100000000,2005,0,,?,ENTREPOT,,,R1,1030
R,3091233,FIAT,VC/15/6150,200,7/12/2015,,,,8027,7225110010C04100000000,2005,0,,?,ENTREPOT,,,R1,1015
R,3091234,FIAT,VC/15/6150,900,7/12/2015,17/12/15,17/12/15,17/12/15,6637,7225110010C04100000000,2005,0,,285804,AV,,,R1,1030
X,3091234SCRAP,,,200,17/12/15,,17/12/15,17/12/15,307,7.20429E+21,2005,0,,285804,ENTREPOT,,,T3,0
F,3091234X01,,,500,17/12/15,,17/12/15,17/12/15,3180,7225110010C04100000000,2005,2440,,285804,ENTREPOT,,,T2,990
F,3091234X02,,,500,17/12/15,,17/12/15,17/12/15,3150,7225110010C04100000000,2005,2440,,285804,ENTREPOT,,,T2,990
R,3091235,FIAT,VC/15/6150,900,7/12/2015,16/12/15,16/12/15,16/12/15,7861,7225110010C04100000000,2005,0,,285800,AV,,,R1,1020
X,3091235SCRAP,,,200,16/12/15,,16/12/15,16/12/15,226,7.20429E+21,2005,0,,285800,ENTREPOT,,,T3,0
F,3091235X01,,,500,16/12/15,,16/12/15,16/12/15,3805,7225110010C04100000000,2005,2440,,285800,ENTREPOT,,,T2,990
F,3091235X02,,,500,16/12/15,,16/12/15,16/12/15,3830,7225110010C04100000000,2005,2440,,285800,ENTREPOT,,,T2,990
R,3091236,FIAT,VC/15/6150,900,7/12/2015,14/12/15,15/12/15,15/12/15,8105,7225110010C04100000000,2005,0,,285793,AV,,,R1,1035
X,3091236SCRAP,,,200,15/12/15,,15/12/15,15/12/15,360,7.20429E+21,2005,0,,285793,ENTREPOT,,,T3,0
F,3091236X01,,,800,15/12/15,16/12/15,15/12/15,15/12/15,3890,7225110010C04100000000,2005,2440,16/12/15,285793,EXIT,IMA,ART546-18257-04,T2,995
F,3091236X02,,,800,15/12/15,16/12/15,15/12/15,15/12/15,3855,7225110010C04100000000,2005,2440,16/12/15,285793,EXIT,IMA,ART546-18257-04,T2,995
R,3091237,FIAT,VC/15/6150,900,7/12/2015,16/12/15,16/12/15,16/12/15,8059,7225110010C04100000000,2005,0,,285799,AV,,,R1,1035
X,3091237SCRAP,,,200,16/12/15,,16/12/15,16/12/15,414,7.20429E+21,2005,0,,285799,ENTREPOT,,,T3,0
F,3091237X01,,,500,16/12/15,,16/12/15,16/12/15,4690,7225110010C04100000000,2005,2440,,285799,ENTREPOT,,,T2,990
S,3091237X02,,,200,16/12/15,,16/12/15,16/12/15,182,7226110091C04100000000,2005,0,,285799,ENTREPOT,,,T2,60
F,3091237X03,,,500,16/12/15,,16/12/15,16/12/15,2773,7225110010C04100000000,2005,2440,,285799,ENTREPOT,,,T2,910
R,3091238,FIAT,VC/15/6150,900,7/12/2015,15/12/15,15/12/15,15/12/15,8029,7225110010C04100000000,2005,0,,285795,AV,,,R1,1040
X,3091238SCRAP,,,200,15/12/15,,15/12/15,15/12/15,394,7.20429E+21,2005,0,,285795,ENTREPOT,,,T3,0
F,3091238X01,,,800,15/12/15,16/12/15,15/12/15,15/12/15,3840,7225110010C04100000000,2005,2440,16/12/15,285795,EXIT,IMA,ART546-18257-04,T2,995
F,3091238X02,,,800,15/12/15,17/12/15,15/12/15,15/12/15,3795,7225110010C04100000000,2005,2440,17/12/15,285795,EXIT,IMA,ART546-18257-05,T2,995
R,3091239,FIAT,VC/15/6150,900,7/12/2015,11/12/2015,11/12/2015,11/12/2015,8105,7225110010C04100000000,2005,0,,285758,AV,,,R1,1040
X,3091239SCRAP,,,200,11/12/2015,,11/12/2015,11/12/2015,290,7.20429E+21,2005,0,,285758,ENTREPOT,,,T3,0
F,3091239X01,,,800,11/12/2015,15/12/15,11/12/2015,11/12/2015,2525,7225110010C04100000000,2005,2440,15/12/15,285758,EXIT,IMA,ART546-18257-01,T2,1000
F,3091239X02,,,800,11/12/2015,15/12/15,11/12/2015,11/12/2015,5290,7225110010C04100000000,2005,2440,15/12/15,285758,EXIT,IMA,ART546-18257-01,T2,1005
R,3091240,FIAT,VC/15/6150,900,7/12/2015,17/12/15,17/12/15,17/12/15,7871,7225110010C04100000000,2005,0,,285806,AV,,,R1,1040
X,3091240SCRAP,,,200,17/12/15,,17/12/15,17/12/15,386,7.20429E+21,2005,0,,285806,ENTREPOT,,,T3,0
F,3091240X01,,,500,17/12/15,,17/12/15,17/12/15,3665,7225110010C04100000000,2005,2440,,285806,ENTREPOT,,,T2,985
F,3091240X02,,,500,17/12/15,,17/12/15,17/12/15,3820,7225110010C04100000000,2005,2440,,285806,ENTREPOT,,,T2,985
R,3091241,FIAT,VC/15/6150,900,7/12/2015,14/12/15,14/12/15,14/12/15,8087,7225110010C04100000000,2005,0,,285792,AV,,,R1,1030
X,3091241SCRAP,,,200,14/12/15,,14/12/15,14/12/15,307,7.20429E+21,2005,0,,285792,ENTREPOT,,,T3,0
F,3091241X01,,,800,14/12/15,16/12/15,14/12/15,14/12/15,5310,7225110010C04100000000,2005,2440,16/12/15,285792,EXIT,IMA,ART546-18257-04,T2,995
S,3091241X02,,,200,14/12/15,,14/12/15,14/12/15,148,7226110091C04100000000,2005,0,,285792,ENTREPOT,,,T2,60
F,3091241X03,,,800,14/12/15,17/12/15,14/12/15,14/12/15,2322,7225110010C04100000000,2005,2440,17/12/15,285792,EXIT,IMA,ART546-18257-05,T2,935
R,3091242,FIAT,VC/15/6150,900,7/12/2015,17/12/15,17/12/15,17/12/15,7739,7225110010C04100000000,2005,0,,285803,AV,,,R1,1040
X,3091242SCRAP,,,200,17/12/15,,17/12/15,17/12/15,364,7.20429E+21,2005,0,,285803,ENTREPOT,,,T3,0
F,3091242X01,,,500,17/12/15,,17/12/15,17/12/15,4835,7225110010C04100000000,2005,2440,,285803,ENTREPOT,,,T2,990
S,3091242X02,,,200,17/12/15,,17/12/15,17/12/15,153,7226110091C04100000000,2005,0,,285803,ENTREPOT,,,T2,60
F,3091242X03,,,500,17/12/15,,17/12/15,17/12/15,2387,7225110010C04100000000,2005,2440,,285803,ENTREPOT,,,T2,930
R,3091243,FIAT,VC/15/6150,900,7/12/2015,18/12/15,18/12/15,18/12/15,8071,7225110010C04100000000,2005,0,,285808,AV,,,R1,1040
X,3091243SCRAP,,,200,18/12/15,,18/12/15,18/12/15,611,7.20429E+21,2005,0,,285808,ENTREPOT,,,T3,0
F,3091243X01,,,500,18/12/15,,18/12/15,18/12/15,3755,7225110010C04100000000,2005,2440,,285808,ENTREPOT,,,T2,980
F,3091243X02,,,500,18/12/15,,18/12/15,18/12/15,3705,7225110010C04100000000,2005,2440,,285808,ENTREPOT,,,T2,980
R,3091244,FIAT,VC/15/6150,200,7/12/2015,,,,7897,7225110010C04100000000,2005,0,,?,ENTREPOT,,,R1,1025
R,3091249,FIAT,VC/15/6150,900,7/12/2015,11/12/2015,14/12/15,14/12/15,8101,7225110010C04100000000,2005,0,,285765,AV,,,R1,1035
X,3091249SCRAP,,,200,14/12/15,,14/12/15,14/12/15,236,7.20429E+21,2005,0,,285765,ENTREPOT,,,T3,0
F,3091249X01,,,800,14/12/15,15/12/15,14/12/15,14/12/15,5350,7225110010C04100000000,2005,2440,15/12/15,285765,EXIT,IMA,ART546-18257-02,T2,1005
S,3091249X02,,,200,14/12/15,,14/12/15,14/12/15,150,7226110091C04100000000,2005,0,,285765,ENTREPOT,,,T2,60
F,3091249X03,,,800,14/12/15,15/12/15,14/12/15,14/12/15,2365,7225110010C04100000000,2005,2440,15/12/15,285765,EXIT,IMA,ART546-18257-02,T2,945
R,3091250,FIAT,VC/15/6150,900,7/12/2015,16/12/15,16/12/15,16/12/15,7873,7225110010C04100000000,2005,0,,285801,AV,,,R1,1030
X,3091250SCRAP,,,200,16/12/15,,16/12/15,16/12/15,298,7.20429E+21,2005,0,,285801,ENTREPOT,,,T3,0
F,3091250X01,,,500,16/12/15,,16/12/15,16/12/15,3765,7225110010C04100000000,2005,2440,,285801,ENTREPOT,,,T2,990
F,3091250X02,,,500,16/12/15,,16/12/15,16/12/15,3810,7225110010C04100000000,2005,2440,,285801,ENTREPOT,,,T2,990
R,3091251,FIAT,VC/15/6150,900,7/12/2015,14/12/15,14/12/15,14/12/15,8107,7225110010C04100000000,2005,0,,285768,AV,,,R1,1040
X,3091251SCRAP,,,200,14/12/15,,14/12/15,14/12/15,352,7.20429E+21,2005,0,,285768,ENTREPOT,,,T3,0
F,3091251X01,,,800,14/12/15,16/12/15,14/12/15,14/12/15,5225,7225110010C04100000000,2005,2440,16/12/15,285768,EXIT,IMA,ART546-18257-03,T2,1000
S,3091251X02,,,200,14/12/15,,14/12/15,14/12/15,151,7226110091C04100000000,2005,0,,285768,ENTREPOT,,,T2,60
F,3091251X03,,,800,14/12/15,16/12/15,14/12/15,14/12/15,2379,7225110010C04100000000,2005,2440,16/12/15,285768,EXIT,IMA,ART546-18257-03,T2,940
R,3091252,FIAT,VC/15/6150,900,7/12/2015,14/12/15,14/12/15,14/12/15,8307,7225110010C04100000000,2005,0,,285767,AV,,,R1,1040
X,3091252SCRAP,,,200,14/12/15,,14/12/15,14/12/15,392,7.20429E+21,2005,0,,285767,ENTREPOT,,,T3,0
F,3091252X01,,,800,14/12/15,15/12/15,14/12/15,14/12/15,3980,7225110010C04100000000,2005,2440,15/12/15,285767,EXIT,IMA,ART546-18257-02,T2,995
F,3091252X02,,,800,14/12/15,15/12/15,14/12/15,14/12/15,3935,7225110010C04100000000,2005,2440,15/12/15,285767,EXIT,IMA,ART546-18257-02,T2,990
R,3091255,FIAT,VC/15/6150,200,7/12/2015,,,,7393,7225110010C04100000000,2005,0,,?,ENTREPOT,,,R1,970
R,3091256,FIAT,VC/15/6150,200,7/12/2015,,,,7149,7225110010C04100000000,2005,0,,?,ENTREPOT,,,R1,970
R,3091257,FIAT,VC/15/6150,200,7/12/2015,,,,5753,7225110010C04100000000,2005,0,,?,ENTREPOT,,,R1,970
R,3091258,FIAT,VC/15/6150,900,7/12/2015,11/12/2015,11/12/2015,11/12/2015,8077,7225110010C04100000000,2005,0,,285761,AV,,,R1,1040
X,3091258SCRAP,,,200,11/12/2015,,11/12/2015,11/12/2015,252,7.20429E+21,2005,0,,285761,ENTREPOT,,,T3,0
F,3091258X01,,,800,11/12/2015,15/12/15,11/12/2015,11/12/2015,3855,7225110010C04100000000,2005,2440,15/12/15,285761,EXIT,IMA,ART546-18257-01,T2,1005
F,3091258X02,,,800,11/12/2015,15/12/15,11/12/2015,11/12/2015,3970,7225110010C04100000000,2005,2440,15/12/15,285761,EXIT,IMA,ART546-18257-01,T2,1005
R,3091259,FIAT,VC/15/6150,900,7/12/2015,15/12/15,15/12/15,15/12/15,7987,7225110010C04100000000,2005,0,,285796,AV,,,R1,1040
X,3091259SCRAP,,,200,15/12/15,,15/12/15,15/12/15,362,7.20429E+21,2005,0,,285796,ENTREPOT,,,T3,0
S,3091259X01,,,200,15/12/15,,15/12/15,15/12/15,177,7226110091C04100000000,2005,0,,285796,ENTREPOT,,,T2,70
F,3091259X02,,,800,15/12/15,17/12/15,15/12/15,15/12/15,2308,7225110010C04100000000,2005,2440,17/12/15,285796,EXIT,IMA,ART546-18257-05,T2,910
F,3091259X03,,,800,15/12/15,17/12/15,15/12/15,15/12/15,5140,7225110010C04100000000,2005,2440,17/12/15,285796,EXIT,IMA,ART546-18257-05,T2,995
R,3091260,FIAT,VC/15/6150,900,7/12/2015,11/12/2015,11/12/2015,11/12/2015,8097,7225110010C04100000000,2005,0,,285760,AV,,,R1,1040
X,3091260SCRAP,,,200,11/12/2015,,11/12/2015,11/12/2015,262,7.20429E+21,2005,0,,285760,ENTREPOT,,,T3,0
F,3091260X01,,,800,11/12/2015,15/12/15,11/12/2015,11/12/2015,5275,7225110010C04100000000,2005,2440,15/12/15,285760,EXIT,IMA,ART546-18257-02,T2,1005
S,3091260X02,,,200,11/12/2015,,11/12/2015,11/12/2015,203,7226110091C04100000000,2005,0,,285760,ENTREPOT,,,T2,80
F,3091260X03,,,800,11/12/2015,15/12/15,11/12/2015,11/12/2015,2357,7225110010C04100000000,2005,2440,15/12/15,285760,EXIT,IMA,ART546-18257-01,T2,925
R,3091261,FIAT,VC/15/6150,900,7/12/2015,11/12/2015,11/12/2015,11/12/2015,8172,7225110010C04100000000,2005,0,,285763,AV,,,R1,1040
X,3091261SCRAP,,,200,11/12/2015,,11/12/2015,11/12/2015,302,7.20429E+21,2005,0,,285763,ENTREPOT,,,T3,0
F,3091261X01,,,800,11/12/2015,15/12/15,11/12/2015,11/12/2015,2505,7225110010C04100000000,2005,2440,15/12/15,285763,EXIT,IMA,ART546-18257-01,T2,995
F,3091261X02,,,800,11/12/2015,15/12/15,11/12/2015,11/12/2015,5365,7225110010C04100000000,2005,2440,15/12/15,285763,EXIT,IMA,ART546-18257-01,T2,1005
R,3091262,FIAT,VC/15/6150,200,7/12/2015,,,,6671,7225110010C04100000000,2005,0,,?,ENTREPOT,,,R1,1040
,,,,,,,,,,,,,,,,,,,
,,,,,,,,,,,,,,,,,,,
AANZUIVERINGSAFREKENING ACTIEVE VEREDELING SCHORSINGSSYSTEEM,,,,,,,,,,,,,,,,,,,
,,,,,,,,,,,,,,,,,,,
Vergunninghouder=Euro-Mit Staal B.V. EORI nummer: NL800275937,,,,,,,,,,,,,,,,,,,
Bezoekadres=Duitslandweg 7. 4389 PJ  Ritthem  Havennummer 1153,,,,,,,,,,,,,,,,,,,
Postadres=Postbus 535. 4380 AM  VLISSINGEN,,,,,,,,,,,,,,,,,,,
Vergunning=Actieve Veredeling / schorsingssysteem. vergunningnummer: NL00740008734,,,,,,,,,,,,,,,,,,,
Datum afgifte vergunning=27/5/2015,,,,,,,,,,,,,,,,,,,
Laatste wijziging vergunning=,,,,,,,,,,,,,,,,,,,
Aanzuiveringsperiode =2015/11-12,,,,,,,,,,,,,,,,,,,
,,,,,,,,,,,,,,,,,,,
,,,,,,,,,,,,,,,,,,,
Legenda aanzuiveringsafrekening,,,,,,,,,,,,,,,,,,,
,,,,,,,,,,,,,,,,,,,
Kolom A=T (tekst;1 char) .. type object,,,,,,,,,,,,,,,,,,,
Kolom B=EMS-obj-nr (tekst;7-35 chars) .. identificatie nummer van object,,,,,,,,,,,,,,,,,,,
Kolom C=DocIn (tekst;1-5 chars) .. aanduiding documentsoort,,,,,,,,,,,,,,,,,,,
Kolom D=DocnrIn (tekst;1-20 chars) .. document nummer,,,,,,,,,,,,,,,,,,,
Kolom E=Status (getal;3 digits) .. huidige status object,,,,,,,,,,,,,,,,,,,
Kolom F=InEntrepot (datum) .. datum in entrepot,,,,,,,,,,,,,,,,,,,
Kolom G=OutEntrepot (datum) .. datum uit entrepot,,,,,,,,,,,,,,,,,,,
Kolom H=InAV (datum) .. datum in actieve veredeling,,,,,,,,,,,,,,,,,,,
Kolom I=OutAV (datum) .. datum uit actieve veredeling,,,,,,,,,,,,,,,,,,,
Kolom J=Weight (getal;1-5 digits) .. gewicht van object,,,,,,,,,,,,,,,,,,,
Kolom K=CN-code (tekst;22 chars) .. goederencode,,,,,,,,,,,,,,,,,,,
Kolom L=CIF-value (getal) .. cif-waarde per ton,,,,,,,,,,,,,,,,,,,
Kolom M=SALE-value (getal) .. verkoopprijs per ton,,,,,,,,,,,,,,,,,,,
Kolom N=ExEMS (datum) .. datum object verscheept,,,,,,,,,,,,,,,,,,,
Kolom O=PIO (getal;5-6 digits) .. referentie naar nummer produktie opdracht,,,,,,,,,,,,,,,,,,,
Kolom P=Customs (tekst;1-10 chars) .. indicatie huidge (douane)status,,,,,,,,,,,,,,,,,,,
Kolom Q=DocOut (tekst;1-5 chars) .. aanduiding documentsoort,,,,,,,,,,,,,,,,,,,
Kolom R=DocnrOut (tekst;1-20 chars) .. document nummer,,,,,,,,,,,,,,,,,,,
